"1","10819768","homopolymer binding assay","poly(U)","(U)(n)",\N,\N,\N,\N,\N,\N,\N,\N,\N,\N
"2","10819768","homopolymer binding assay","poly(G)","(G)(n)",\N,\N,\N,\N,\N,\N,\N,\N,\N,\N
"5","11410654","SELEX","7 rounds of selection","(Y(U)(n))(n)","ENSG00000092345_11410654_7rounds.txt",\N,\N,\N,\N,\N,"0",\N,\N,\N
"29","11359897","SELEX",\N,"R(U)(1-3)AGU","ENSG00000135097_11359897.txt",\N,\N,\N,\N,\N,"0",\N,\N,"1"
"30","8660864","homopolymer binding assay","poly(G)","(G)(n)",\N,\N,\N,\N,\N,\N,\N,\N,\N,\N
"109","10353602","homopolymer binding assay","poly(G)","(G)(n)",\N,\N,\N,\N,\N,\N,\N,\N,\N,\N
"120","16354698","genome-wide in vivo immunoprecipitation","RIP-chip",\N,\N,\N,\N,\N,\N,\N,\N,\N,\N,\N
"121","10608902","protein affinity purification","biotinylated RNA","GGGAGUAAUGGUUGGAAUGGGCCAAAAAGA",\N,\N,\N,\N,\N,\N,\N,\N,\N,\N
"122","16093352","protein affinity purification","biotinylated RNA","GGGAGUAAUGGUUGGAAUGGGCCAAAAAGA",\N,\N,\N,\N,\N,\N,\N,\N,\N,\N
"134","11564883","EMSA",\N,"HMCAYCH",\N,\N,\N,\N,\N,\N,\N,\N,\N,\N
"134","11564883","EMSA",\N,"HMCAYCH",\N,\N,\N,\N,\N,\N,\N,\N,\N,\N
"191","19258311","EMSA",\N,"CUAUUUAUUAAUAUUUAA",\N,\N,\N,\N,\N,\N,\N,\N,\N,\N
"192","19258311","EMSA",\N,"UAUUUAUUUAAAUAUUUAAAUUUUAUAUUUAU",\N,\N,\N,\N,\N,\N,\N,\N,\N,\N
"200","15814898","EMSA",\N,"UUAUUUAUUUAUUAUUUAUUUAUU",\N,\N,\N,\N,\N,\N,\N,\N,\N,\N
"246","20412057","EMSA",\N,"GGGCGAAUUGGAGCUCCACCGCGGUGGCGGCCGCUCUAGAACUAGUGGAUCCUUAUCUUAAGCAUGUGUAAUGCUGGAUGUGUACAGUACAGUACUGAAAAGCU",\N,\N,\N,\N,\N,\N,\N,\N,\N,\N
"261","12820967","yeast three-hybrid assay",\N,"GAUCCGCAGAGGCUCUGGCAGCUUCUGCAGAUC",\N,\N,\N,\N,\N,\N,\N,\N,\N,"1"
"262","12820967","EMSA",\N,"GAUCCGCAGAGGCUCUGGCAGCUUCUGCAGAUC",\N,\N,\N,\N,\N,\N,\N,\N,\N,"1"
"280","19540345","fluorescence methods","fluorescence-polarization assay; Kds in article","AAUUGUACAUAA",\N,\N,\N,\N,\N,\N,\N,\N,\N,\N
"281","19540345","fluorescence methods","fluorescence-polarization assay; Kds in article","ACAUUAUUUUGUUGUCGAAAAUUGUACAUAAGCC",\N,\N,\N,\N,\N,\N,\N,\N,\N,\N
"282","19540345","fluorescence methods","fluorescence-polarization assay; Kds in article","CUUGUAGAUAA",\N,\N,\N,\N,\N,\N,\N,\N,\N,\N
"329","11780640","SELEX",\N,"UGUA","11780640_Pum2_1.txt","11780640_Pum2_1_aligned.txt","11780640_Pum2_1_motif.txt","329_11780640.pwm","329_11780640.pfm","329_11780640_1800_Pum2_PUMx1_logo.png","1",\N,\N,\N
"330","11780640","SELEX",\N,"UGUANAUARNNNNBBBBSCCS","11780640_Pum2_2.txt","11780640_Pum2_2_aligned.txt","11780640_Pum2_2_motif.txt","330_11780640.pwm","330_11780640.pfm","330_11780640_1800_Pum2_PUMx1_logo.png","1",\N,\N,\N
"370","10734137","homopolymer binding assay","poly(A)","(A)(n)",\N,\N,\N,\N,\N,\N,\N,\N,\N,\N
"371","10734137","homopolymer binding assay","poly(U)","(U)(n)",\N,\N,\N,\N,\N,\N,\N,\N,\N,\N
"372","11773003","EMSA",\N,"GGCUUUUUU",\N,\N,\N,\N,\N,\N,\N,\N,\N,\N
"1155","18978028","genome-wide in vivo immunoprecipitation","RIP-chip with FLAG-tagged protein",\N,\N,\N,\N,\N,\N,\N,\N,"see supplementary info",\N,\N
"389","18978028","genome-wide in vivo immunoprecipitation","RIP-chip with FLAG-tagged protein",\N,\N,\N,\N,\N,\N,\N,\N,"see supplementary info",\N,\N
"1157","18978028","genome-wide in vivo immunoprecipitation","RIP-chip with FLAG-tagged protein",\N,\N,\N,\N,\N,\N,\N,\N,"see supplementary info",\N,\N
"1158","18978028","genome-wide in vivo immunoprecipitation","RIP-chip with FLAG-tagged protein",\N,\N,\N,\N,\N,\N,\N,\N,"see supplementary info",\N,\N
"1159","18978028","genome-wide in vivo immunoprecipitation","RIP-chip with FLAG-tagged protein",\N,\N,\N,\N,\N,\N,\N,\N,"see supplementary info",\N,\N
"475","17264215","EMSA",\N,"UAUUUUUUUUUUAAUACAAAAUGACAAAAUG",\N,\N,\N,\N,\N,\N,\N,\N,\N,\N
"476","17264215","EMSA",\N,"UAUUUUUUUUUUAAUACAAAAUGCACGCGCU",\N,\N,\N,\N,\N,\N,\N,\N,\N,\N
"494","18768985","EMSA",\N,"CAGCUCGCACCGUGUUAAUUGUUGUUAAUCCUCACAAACACUACUAAGUUUGUCAGCUCACACAGGCGAACUACU",\N,\N,\N,\N,\N,\N,\N,\N,\N,\N
"496","19339348","protein affinity purification","biotinylated RNA","AAGCAACUAUUCAUUUUUGAUUCUUUGGUUAAAAAAUGUUUAUUU",\N,\N,\N,\N,\N,\N,\N,\N,\N,\N
"496","19339348","protein affinity purification","biotinylated RNA","AAGCAACUAUUCAUUUUUGAUUCUUUGGUUAAAAAAUGUUUAUUU",\N,\N,\N,\N,\N,\N,\N,\N,\N,\N
"592","10958793","protein affinity purification","biotinylated RNA","AUAGACAGAAUCAGCACCAGUGCUCAUGGAGAAAAUUGGACC",\N,\N,\N,\N,\N,\N,\N,\N,\N,\N
"593","10958793","protein affinity purification","biotinylated RNA","CCCCGGAACCACAGCCUCCUUUCAAUAACCAUGAGUAUCAGG",\N,\N,\N,\N,\N,\N,\N,\N,\N,\N
"594","10958793","protein affinity purification","biotinylated RNA","GAGUAUCAGGAUGAAGAGGAGACCCCACAUGCUACAAGCACA",\N,\N,\N,\N,\N,\N,\N,\N,\N,\N
"600","10215609","UV cross-linking",\N,"GUAGACUUGCAGAGGAUAUUUCAAAGGUAGCCAAAGAAGAGGGAAAUUUAUACUAUGUUGUCAAUAGGAAU",\N,\N,\N,\N,\N,\N,\N,\N,\N,\N
"620","20064466","homopolymer binding assay","poly(A)","(A)(n)",\N,\N,\N,\N,\N,\N,\N,\N,\N,\N
"625","19523901","Isothermal titration calorimetry",\N,"UCAUGCAGUCUG",\N,\N,\N,\N,\N,\N,\N,\N,\N,\N
"638","11410654","SELEX","9 rounds of selection","(Y(U)(n))(n)","ENSG00000092345_11410654_9rounds.txt",\N,\N,\N,\N,\N,"0",\N,\N,\N
"683","10719891","EMSA",\N,"UCAUYUCAUYUCAUY",\N,\N,\N,\N,\N,\N,\N,\N,\N,\N
"685","18978773","genome-wide in vivo immunoprecipitation","HITS-clip","YCAY",\N,\N,\N,\N,\N,\N,\N,"see supplementary ino",\N,\N
"696","19949288","EMSA",\N,"AUAUUUAUAUUUGCACUUAUUAUUUAUUAUUUAUUUAUUAUUUAUUUAUUUGCUUAUGAAUGUAUUUAUUG",\N,\N,\N,\N,\N,\N,\N,\N,\N,\N
"696","19949288","EMSA",\N,"AUAUUUAUAUUUGCACUUAUUAUUUAUUAUUUAUUUAUUAUUUAUUUAUUUGCUUAUGAAUGUAUUUAUUG",\N,\N,\N,\N,\N,\N,\N,\N,\N,\N
"740","12234802","EMSA",\N,"GAGAAUUCUACAUACUAAAUCUCUCUCCUUUUUUAAUUUUAAUAUUUG",\N,\N,\N,\N,\N,\N,\N,\N,\N,\N
"741","12234802","EMSA",\N,"UUUUUUAAUUUUAAUAUUUG",\N,\N,\N,\N,\N,\N,\N,\N,\N,\N
"742","12234802","EMSA",\N,"UUUUUUAAUUUUA",\N,\N,\N,\N,\N,\N,\N,\N,\N,\N
"743","12234802","EMSA",\N,"GAGAAUUCUACAUACUAAAUCUCUCUCCUUUUUUAAUUUUA",\N,\N,\N,\N,\N,\N,\N,\N,\N,\N
"744","12234802","EMSA",\N,"GAGAAUUCUACAUACUAAAUCUCUCUCCUUUUUUA",\N,\N,\N,\N,\N,\N,\N,\N,\N,\N
"745","12234802","EMSA",\N,"UCGCGUAAUUUUA",\N,\N,\N,\N,\N,\N,\N,\N,\N,\N
"746","12234802","EMSA",\N,"UUUUUUAAUCGUA",\N,\N,\N,\N,\N,\N,\N,\N,\N,\N
"747","12242302","EMSA",\N,"UUUUAUUGUGUUUUUAAUUUAUUUAUUAAGAUGGAUUCUCAGAUAUUUA",\N,\N,\N,\N,\N,\N,\N,\N,\N,\N
"747","12242302","EMSA",\N,"UUUUAUUGUGUUUUUAAUUUAUUUAUUAAGAUGGAUUCUCAGAUAUUUA",\N,\N,\N,\N,\N,\N,\N,\N,\N,\N
"748","12242302","EMSA",\N,"UAUUUUUAUUUUUAUUUUUUU",\N,\N,\N,\N,\N,\N,\N,\N,\N,\N
"769","9016658","SELEX",\N,"R(U)(2-5)(R)(1-2)(U)(2-5)R","9016658_Elavl3_1.txt",\N,\N,\N,\N,\N,\N,\N,\N,\N
"770","9016658","SELEX",\N,"R(U)(2-5)(R)(1-2)(U)(2-5)R","9016658_Elavl3_2.txt",\N,\N,\N,\N,\N,\N,\N,\N,\N
"822","8454877","homopolymer binding assay","poly(U)","(U)(n)",\N,\N,\N,\N,\N,\N,\N,\N,\N,\N
"836","18836485","genome-wide in vivo immunoprecipitation","RIP-chip",\N,\N,\N,\N,\N,\N,\N,\N,"see supplementary ino","Exp836.zip",\N
"1138","9121460","homopolymer binding assay","poly(G)","(G)(n)",\N,\N,\N,\N,\N,\N,\N,\N,\N,\N
"1137","9121460","homopolymer binding assay","poly(U)","(U)(n)",\N,\N,\N,\N,\N,\N,\N,\N,\N,\N
"874","9182766","EMSA",\N,"CAGUAUACUAACAAGUUGAAUU",\N,\N,\N,\N,\N,\N,\N,\N,\N,\N
"875","9182766","EMSA",\N,"CAGUAUACUAACAACUUGAAUU",\N,\N,\N,\N,\N,\N,\N,\N,\N,\N
"877","9182766","EMSA",\N,"CAGUAUACUAACAGGUUGAAUU",\N,\N,\N,\N,\N,\N,\N,\N,\N,\N
"881","9182766","EMSA",\N,"CAGUAUGCUAACAAGUUGAAUU",\N,\N,\N,\N,\N,\N,\N,\N,\N,\N
"882","9182766","EMSA",\N,"CAGUAGACUAACAAGUUGAAUU",\N,\N,\N,\N,\N,\N,\N,\N,\N,\N
"883","9182766","EMSA",\N,"CAGUAUACUGACAAGUUGAAUU",\N,\N,\N,\N,\N,\N,\N,\N,\N,\N
"884","9182766","EMSA",\N,"CAGUAUACUAAGAAGUUGAAUU",\N,\N,\N,\N,\N,\N,\N,\N,\N,\N
"885","9182766","EMSA",\N,"CAGUAUAGUAACAAGUUGAAUU",\N,\N,\N,\N,\N,\N,\N,\N,\N,\N
"886","9512519","EMSA",\N,"UUCGUGCUGACCCUGUCCCUUUUUUUUCCACAGC",\N,\N,\N,\N,\N,\N,\N,\N,\N,\N
"1087","1834994","EMSA",\N,"AAAAAGGCUCUUUUCAGAGCCACCCA",\N,\N,\N,\N,\N,\N,\N,\N,\N,\N
"1088","1834994","EMSA",\N,"AAAAAGGCUCUUUUUCAGAGCCACCCA",\N,\N,\N,\N,\N,\N,\N,\N,\N,\N
"1089","1834994","EMSA",\N,"AAAAAGGCUCUUUUUUCAGAGCCACCCA",\N,\N,\N,\N,\N,\N,\N,\N,\N,\N
